Id,Type
Disseminated Malignant Neoplasm,Disease
Non-Small Cell Lung Carcinoma,Disease
Hereditary gingival fibromatosis,Disease
Epithelial hyperplasia,Disease
Hairy Cell Leukemia,Disease
Gastric Cardia Adenocarcinoma,Disease
Encephalitis,Disease
Fibrosarcoma,Disease
Degenerative polyarthritis,Disease
Calcium pyrophosphate deposition disease,Disease
Cortical Dysplasia,Disease
B-Cell Lymphomas,Disease
TIBIAL MUSCULAR DYSTROPHY TARDIVE,Disease
Anemia,Disease
Malignant neoplasm of larynx,Disease
Congenital Abnormality,Disease
Pulmonary Emphysema,Disease
Enterovirus 71 infection,Disease
Hypotrichosis simplex,Disease
Malignant neoplasm of pancreas,Disease
Superficial spreading malignant melanoma of skin,Disease
Lichen Planus Oral,Disease
Tobacco Dependence,Disease
Hyperalgesia Secondary,Disease
Liver Carcinoma,Disease
Glioblastoma,Disease
stage prostate cancer,Disease
Dermatomyositis Childhood Type,Disease
Psoriasis vulgaris,Disease
Constitutional Symptom,Disease
Respiratory distress,Disease
Trisomy 21 Meiotic Nondisjunction,Disease
Healing ulcer,Disease
Severe myopia,Disease
Cushing Syndrome,Disease
Dermatitis,Disease
cardiac event,Disease
Glioblastoma IDH-Wildtype,Disease
Anemia Sickle Cell,Disease
Renal Cell Carcinoma,Disease
Pulmonary Edema,Disease
Hereditary pediatric Behcet-like disease ORPHA:476102,Disease
Thymoma type C,Disease
SLC12A3,Gene
Rhinosinusitis,Disease
prostatitis,Disease
Chordoma,Disease
Pancreatic Cancer,Disease
Adenocarcinoma Endometrioid,Disease
Carcinoma Cribriform,Disease
PACHYONYCHIA CONGENITA 3,Disease
Hyperalgesia Thermal,Disease
Bacterial Vaginosis,Disease
Anthrax disease,Disease
Mycoplasma Infections,Disease
Atrial Premature Complexes,Disease
Abdominal obesity metabolic syndrome,Disease
Anxiety,Disease
Pulmonary Hypertension,Disease
Pterygium,Disease
Chronic Alcoholic Hepatitis,Disease
Hypoxemia,Disease
Vaginal Diseases,Disease
Astrocytoma low grade,Disease
Nephrotic Syndrome,Disease
Fibrosis,Disease
Silicosis,Disease
Human betaherpesvirus 5 chemokine vCXCL2 (gene: UL147),Pathogen
Biliary Atresia,Disease
Leukoencephalopathy Progressive Multifocal,Disease
Behcet Syndrome,Disease
Abnormally small eyeball,Disease
Primary infection NOS,Disease
Vaccinia virus chemokine binding protein (gene: C23L),Pathogen
Hemorrhagic Fever with Renal Syndrome,Disease
Pediatric systemic lupus erythematosus ORPHA:93552,Disease
Nijmegen Breakage Syndrome,Disease
stage ovarian epithelial cancer,Disease
Idiopathic Pulmonary Fibrosis,Disease
Cercopithecine betaherpesvirus 5 chemokine vCXCL6 (gene: UL146C),Pathogen
LEOPARD Syndrome,Disease
Amebic colitis,Disease
Kindler epidermolysis bullosa ORPHA:2908,Disease
Chronic gastritis,Disease
Conventional (Clear Cell) Renal Cell Carcinoma,Disease
Familial primary pulmonary hypertension,Disease
Teratoma,Disease
Hypoplasia Of The Optic Nerve,Disease
Exfoliative ichthyosis ORPHA:289586,Disease
Epilepsy,Disease
inflammatory joint disease,Disease
Pulmonary Cystic Fibrosis,Disease
Parkinson Disease,Disease
Pancreatic carcinoma,Disease
Human papillomavirus type 96 E7,Pathogen
Diabetes,Disease
Peripheral Arterial Diseases,Disease
Crohn's disease of large bowel,Disease
gastritis h pylori,Disease
Barrett Esophagus,Disease
Osteofibrous dysplasia ORPHA:488265,Disease
Glaucoma Primary Open Angle,Disease
Tactile Allodynia,Disease
Premature Obstetric Labor,Disease
Primary Myelofibrosis,Disease
Superinfection,Disease
Kaposi Sarcoma,Disease
Renal carcinoma,Disease
Niemann-Pick Disease Type C,Disease
Muscle Cramp,Disease
Focal Seizures,Disease
Hypoxia,Disease
Immune thrombocytopenic purpura,Disease
Kidney Diseases,Disease
Hypokalemia,Disease
Hypocalciuria,Disease
Stage III Colon Cancer AJCC v7,Disease
Atherosclerosis,Disease
Respiratory Syncytial Virus Infections,Disease
Immune Reconstitution Inflammatory Syndrome,Disease
Pleural Tuberculosis,Disease
Peptic Esophagitis,Disease
Cerebral Palsy,Disease
Trisomy 21 Mitotic Nondisjunction,Disease
Inflammatory dermatosis,Disease
Benign Prostatic Hyperplasia,Disease
Pyoderma Gangrenosum,Disease
Glomerulonephritis,Disease
Mucocutaneous leishmaniasis,Disease
Systemic Scleroderma,Disease
Juvenile Paget disease ORPHA:2801,Disease
Stomach Carcinoma,Disease
Gastric ulcer,Disease
Anophthalmos,Disease
Gardner Syndrome,Disease
Bartter Syndrome,Disease
psychosocial stressor,Disease
Lipoid nephrosis,Disease
Gitelman Syndrome,Disease
Alopecia universalis ORPHA:701,Disease
Hypercalciuria,Disease
Thyroid Neoplasm,Disease
melanoma,Disease
Carcinoma of larynx,Disease
Human papillomavirus type 52 early protein (gene: E7),Pathogen
Upper Respiratory Infections,Disease
Urinary tract infection,Disease
Neoplasm Metastasis,Disease
Hormone refractory prostate cancer,Disease
Human gammaherpesvirus 8 K4.1 (gene: K4.1),Pathogen
Intrahepatic Cholestasis,Disease
Eosinophilia,Disease
Human papillomavirus type 82 E7,Pathogen
Adenocarcinoma Basal Cell,Disease
Peritonsillar Abscess,Disease
Bronchiolitis,Disease
Henoch-Schoenlein Purpura,Disease
Steroid-sensitive nephrotic syndrome,Disease
Peptic Ulcer,Disease
Pediatric Crohn's disease,Disease
Pericardial Effusion,Disease
Ovarian Cysts,Disease
Huntington Disease,Disease
Endometrial Neoplasms,Disease
Erythrokeratodermia variabilis ORPHA:317,Disease
Asymptomatic bacteriuria,Disease
Hypermagnesemia,Disease
Aneurysm,Disease
Liver Cirrhosis,Disease
Intermediate generalized junctional epidermolysis bullosa ORPHA:79402,Disease
Hypernatremia,Disease
Abscess,Disease
Hypercholesterolemia Familial,Disease
fertility disorders,Disease
Fever,Disease
Inflammatory Breast Carcinoma,Disease
Bacterial keratitis,Disease
Severe Acute Respiratory Syndrome,Disease
Uterine Fibroids,Disease
Dry Eye Syndromes,Disease
Hypokalemic alkalosis,Disease
Brain Neoplasms,Disease
Allodynia,Disease
M5b Acute differentiated monocytic leukemia,Disease
Polyuria,Disease
Dermatitis Herpetiformis,Disease
Griscelli syndrome type 3 ORPHA:79478,Disease
Chronic lung disease,Disease
Hyaline Membrane Disease,Disease
Polycystic Ovary Syndrome,Disease
Uterine Corpus Cancer,Disease
Arthralgia,Disease
Luminal A Breast Carcinoma,Disease
Neoplastic Cell Transformation,Disease
Gingival Diseases,Disease
Acute appendicitis NOS (disorder),Disease
Ischemic stroke,Disease
Central Diabetes Insipidus,Disease
Stromal Neoplasm,Disease
Microphthalmia,Disease
Hepatitis Alcoholic,Disease
Osteosarcoma of bone,Disease
Cervical Squamous Cell Carcinoma,Disease
HIV-Associated Lipodystrophy Syndrome,Disease
Parainfluenza,Disease
Endometrial Carcinoma,Disease
Cyst,Disease
Paralysed,Disease
Infarction Middle Cerebral Artery,Disease
Acute Myeloid Leukemia Arising from Previous Myelodysplastic Syndrome,Disease
Astrocytoma,Disease
Cervical Squamous Intraepithelial Neoplasia,Disease
Conn Syndrome,Disease
Carcinoma of lung,Disease
Nasopharyngeal carcinoma,Disease
Autistic Disorder,Disease
Amaurosis congenita of Leber type 1,Disease
Endemic Cretinism,Disease
Ovarian Cancer,Disease
Fatty Liver,Disease
Myocardial Ischemia,Disease
Bright Disease,Disease
Squamous cell carcinoma of esophagus,Disease
Carcinogenesis,Disease
Asthma,Disease
Renal interstitial fibrosis,Disease
Adenocarcinoma Tubular,Disease
Actinic keratosis,Disease
Thymic Carcinoma,Disease
Stomach Diseases,Disease
Dyspnea,Disease
Vaccinia virus Ankara viral chemokine binding protein,Pathogen
Subfertility Male,Disease
Carcinoma Lewis Lung,Disease
MYELOPROLIFERATIVE SYNDROME TRANSIENT,Disease
Retinoic acid syndrome,Disease
Staphylococcal toxic shock syndrome,Disease
Rhinovirus infection,Disease
Malignant neoplasm of prostate,Disease
stage bladder cancer,Disease
Necrotizing fasciitis,Disease
Alcohol Use Disorder,Disease
Dental caries,Disease
Bartter Disease,Disease
Graves Disease,Disease
Congenital heart disease,Disease
Anemia Macrocytic,Disease
Bronchial Diseases,Disease
MICROPHTHALMIA ISOLATED 1,Disease
Bronchitis,Disease
Gout,Disease
Lyme Arthritis,Disease
Primary malignant neoplasm of lung,Disease
Gonorrhea,Disease
Angina Unstable,Disease
Trisomy 21,Disease
Lung Diseases Interstitial,Disease
Bipolar I disorder,Disease
Gram-Positive Bacterial Infections,Disease
Cholangitis,Disease
Acute pancreatitis,Disease
Synovitis,Disease
Acute myelomonocytic leukemia,Disease
Chronic Airflow Obstruction,Disease
Myeloid Leukemia Chronic,Disease
Coronary heart disease,Disease
Osteosarcoma,Disease
Adenocarcinoma Oxyphilic,Disease
Hamartoma,Disease
Endometriosis of uterus,Disease
Proliferative vitreoretinopathy,Disease
Iron Deficiency Anemia,Disease
Prostatic Hypertrophy,Disease
Lymphatic Metastasis,Disease
Bronchiolitis Obliterans Organizing Pneumonia,Disease
Primary malignant neoplasm,Disease
Urban cutaneous leishmaniasis,Disease
American cutaneous leishmaniasis,Disease
Malignant neoplasm of breast,Disease
Diabetes Mellitus,Disease
Anaplastic thyroid carcinoma,Disease
Pulmonary Fibrosis,Disease
Chronic active hepatitis C,Disease
Decreased size of eyeball,Disease
Interstitial Cystitis,Disease
Still Disease,Disease
Toxic Shock Syndrome,Disease
Malignant Pleural Mesothelioma,Disease
Congenital ocular coloboma (disorder),Disease
Viral meningitis,Disease
Cocaine Dependence,Disease
Acute respiratory infections,Disease
Pancreatitis,Disease
Isolated microphthalmia-anophthalmia-coloboma ORPHA:2542,Disease
Niemann-Pick disease type C adult neurologic onset ORPHA:216986,Disease
Bartter syndrome type 3,Disease
Myeloid Metaplasia,Disease
Hematological Disease,Disease
Hyperglycemia,Disease
Juvenile-Onset Still Disease,Disease
Hepatolenticular Degeneration,Disease
NONAKA MYOPATHY,Disease
Ulcerative Colitis,Disease
Stage III Colon Cancer,Disease
Streptococcal Infections,Disease
Pseudohypoaldosteronism Type II,Disease
Juvenile psoriatic arthritis,Disease
Epithelial ovarian cancer,Disease
Renal Glomerular Disease,Disease
Paresthesia,Disease
Psoriasiform eczema,Disease
Glycogen Storage Disease,Disease
Chromosome 5 trisomy 5q,Disease
Small Fiber Neuropathy,Disease
Carcinoma of bladder,Disease
Hematopoetic Myelodysplasia,Disease
Glioma,Disease
Monosomy,Disease
Steatohepatitis,Disease
Edema,Disease
Immunologic Deficiency Syndromes,Disease
Squamous cell carcinoma of the head and neck,Disease
Idiopathic pulmonary arterial hypertension,Disease
Pleomorphic Xanthoastrocytoma,Disease
Thyroid Carcinoma,Disease
Colonic Neoplasms,Disease
Appendicitis,Disease
invasive cancer,Disease
Developmental delay (disorder),Disease
Acute hepatitis,Disease
Disorder of eye,Disease
Solitary fibrous tumor,Disease
Junctional Epidermolysis Bullosa,Disease
Cockayne Syndrome Type I,Disease
Cleft lip/palate ORPHA:199306,Disease
Lyme Disease,Disease
Squamous cell carcinoma,Disease
Cerebral Ischemia,Disease
Human betaherpesvirus 5 chemokine vCXCL1 (gene: UL146),Pathogen
Acute type B viral hepatitis,Disease
Zollinger-Ellison syndrome,Disease
Pancreatic Neoplasm,Disease
Chondromalacia,Disease
Solid Neoplasm,Disease
Bipolar Disorder,Disease
Early gastric cancer,Disease
Keratoconjunctivitis Sicca,Disease
Amyloidosis,Disease
Leukocyte adhesion deficiency type 1,Disease
Human gammaherpesvirus 8 K6 (gene: K6),Pathogen
Meckel syndrome type 1,Disease
Prostatic Neoplasms,Disease
Febrile Convulsions,Disease
Mitochondrial Encephalopathy,Disease
Epstein-Barr Virus Infections,Disease
Immune reconstitution inflammatory syndrome [IRIS],Disease
Gastro-esophageal reflux disease with esophagitis,Disease
Nodular melanoma,Disease
Syphilis,Disease
Myelofibrosis,Disease
Mycoses,Disease
Gastric Cancer,Disease
Bronchiectasis,Disease
Escherichia coli Infections,Disease
Limb ischemia,Disease
Fibroid Tumor,Disease
Polyarthritis Rheumatoid Factor Positive,Disease
Chronic Periodontitis,Disease
Rotavirus Infections,Disease
FTH1-related iron overload ORPHA:247790,Disease
Idiopathic hypercalciuria,Disease
Nephrocalcinosis,Disease
Metabolic Alkalosis,Disease
Atrichia with papular lesions ORPHA:86819,Disease
TARSAL-CARPAL COALITION SYNDROME,Disease
Charcot-Marie-Tooth disease type 1D ORPHA:101084,Disease
Kidney Failure Chronic,Disease
Liver cyst,Disease
Chronic kidney disease stage 5,Disease
Systemic-onset juvenile idiopathic arthritis ORPHA:85414,Disease
Middle Cerebral Artery Occlusion,Disease
synovial sarcoma,Disease
Carcinoma breast stage IV,Disease
Barrett Epithelium,Disease
Complete atrioventricular block,Disease
Pericytic Neoplasm,Disease
Hepatic methionine adenosyltransferase deficiency,Disease
Diabetic Retinopathy,Disease
Neonatal Early-Onset Sepsis,Disease
leiomyosarcoma,Disease
Adenocarcinoma of lung (disorder),Disease
Seronegative rheumatoid arthritis,Disease
Meningitis Bacterial,Disease
Gastrointestinal Diseases,Disease
Gastritis Atrophic,Disease
Myelodysplastic Syndrome with Isolated del(5q),Disease
Female Genital Diseases,Disease
CXCL8,Gene
Hepatic Form of Wilson Disease,Disease
Metaphyseal anadysplasia ORPHA:1040,Disease
Dryness of eye,Disease
Breast Carcinoma,Disease
Anxiety Disorders,Disease
Coronary Artery Disease,Disease
Human papillomavirus 141 transforming protein (gene: E7),Pathogen
Respiratory Failure,Disease
Sezary Syndrome,Disease
Renal potassium wasting,Disease
Mouth Neoplasms,Disease
Human papillomavirus type 163 E7 (gene: E7),Pathogen
Pleural effusion disorder,Disease
Nocturia,Disease
Diabetic Nephropathy,Disease
Renal tubular acidosis,Disease
Inflammatory disorder,Disease
Acute periodontitis,Disease
Systemic Inflammatory Response Syndrome,Disease
Thyroid associated opthalmopathies,Disease
Irritable Bowel Syndrome,Disease
Lymphocytic infiltration,Disease
Pineal germinoma,Disease
Renal tubular disorder,Disease
Lymphohistiocytosis Hemophagocytic,Disease
Osteitis Deformans,Disease
Hypoplastic amelogenesis imperfecta ORPHA:100031,Disease
Eclampsia,Disease
Congenital Hypothyroidism,Disease
precancerous lesions,Disease
Eosinophilic disorder,Disease
Bardet-Biedl Syndrome,Disease
Hemorrhagic colitis,Disease
Angiomyolipoma,Disease
Anasarca,Disease
Malignant ascites,Disease
Crohn Disease,Disease
Myeloid neoplasm,Disease
Coinfection,Disease
Acute Chest Syndrome,Disease
Leprosy,Disease
Central neuroblastoma,Disease
Bladder Neoplasm,Disease
Mammary Tumorigenesis,Disease
Hereditary Diffuse Gastric Cancer,Disease
Malignant tumor of cervix,Disease
Chronic rejection of renal transplant,Disease
Lung diseases,Disease
CONSTRICTING BANDS CONGENITAL,Disease
Airway Obstruction,Disease
Sleep Apnea Obstructive,Disease
Anoxia,Disease
Pervasive Development Disorder,Disease
Juvenile Arthritis,Disease
Keratosis Follicularis,Disease
Urinary Bladder Diseases,Disease
Chronic Kidney Diseases,Disease
AICARDI-GOUTIERES SYNDROME 1,Disease
Charcot-Marie-Tooth disease type 4E ORPHA:99951,Disease
Autosomal recessive nail dysplasia ORPHA:280654,Disease
Acute monocytic leukemia,Disease
Human papillomavirus 122 transforming protein E7 (gene: E7),Pathogen
Aplastic Anemia,Disease
SPONDYLOCARPOTARSAL SYNOSTOSIS SYNDROME,Disease
Hamartoma Syndrome Multiple,Disease
Enterocolitis,Disease
Infectious disease of lung,Disease
EGR1,Gene
Post-Traumatic Stress Disorder,Disease
Malignant neoplasm of kidney,Disease
Pemphigus,Disease
Adrenocortical carcinoma,Disease
Plasma cell inflammation,Disease
Neuroblastoma,Disease
Enthesitis-Related Arthritis,Disease
Gitelman syndrome ORPHA:358,Disease
Secondary malignant neoplasm of lymph node,Disease
Pruritus,Disease
Junctional epidermolysis bullosa with pyloric atresia ORPHA:79403,Disease
Hypophosphatemia,Disease
Cocaine Abuse,Disease
UMOD-related autosomal dominant tubulointerstitial kidney disease ORPHA:88950,Disease
Antibiotic-associated diarrhea,Disease
Congenital infectious disease,Disease
Endometriosis,Disease
Lipodystrophy,Disease
Epidermolysis Bullosa Simplex,Disease
Hypoplasia of the optic nerve,Disease
Osteoarthritis of hip,Disease
Acute Promyelocytic Leukemia,Disease
Oropharyngeal Carcinoma,Disease
Leukoplakia Oral,Disease
Chronic granulomatous disease,Disease
Niemann-Pick disease type C late infantile neurologic onset ORPHA:216978,Disease
Hemimegalencephaly,Disease
Multiple Myeloma,Disease
Mesothelioma,Disease
cervical cancer,Disease
Meningitis,Disease
Periapical Periodontitis,Disease
Diabetic Foot,Disease
Urinary Bladder Cancer,Disease
Myositis,Disease
Parathyroid Adenoma,Disease
Rash and Dermatitis Adverse Event Associated with Chemoradiation,Disease
Hydronephrosis,Disease
Juvenile rheumatoid arthritis,Disease
Alkalosis,Disease
Generalized muscle weakness,Disease
Human papillomavirus type 56 envelope protein (gene: E7),Pathogen
Afibrinogenemia,Disease
Recurrent urinary tract infection,Disease
Niemann-Pick disease type C severe perinatal form ORPHA:216972,Disease
Adenocarcinoma,Disease
MYELOPROLIFERATIVE DISORDER CHRONIC WITH EOSINOPHILIA,Disease
Chlamydia Infections,Disease
Adenomatous Polyps,Disease
Giant Cell Tumor of Bone,Disease
Arthropathy,Disease
Pseudotumor Cerebri,Disease
Nephritis,Disease
Embryopathies,Disease
Meningeal Neoplasms,Disease
Allergic rhinitis (disorder),Disease
Chronic idiopathic pulmonary fibrosis,Disease
Delirium,Disease
insulinoma,Disease
Giant Cell Glioblastoma,Disease
Mechanical Allodynia,Disease
Leishmaniasis Visceral,Disease
Squamous cell carcinoma of tongue,Disease
Peripheral Vascular Diseases,Disease
Spondylarthritis,Disease
Aortic Aneurysm Abdominal,Disease
Laryngo-onycho-cutaneous syndrome ORPHA:2407,Disease
Paroxysmal kinesigenic choreoathetosis,Disease
Hodgkin Disease,Disease
Rheumatism,Disease
Seronegative Polyarthritis,Disease
Monocytic leukemia,Disease
Bullous pemphigoid,Disease
Thrombocythemia Essential,Disease
Hashimoto Disease,Disease
Amebiasis,Disease
Niemann-Pick disease type C juvenile neurologic onset ORPHA:216981,Disease
Mammary Neoplasms,Disease
Coronary Arteriosclerosis,Disease
Renal cyst,Disease
Malignant neoplasm of urinary bladder,Disease
Thrombosis,Disease
Leukemia Myelocytic Acute,Disease
Fluid overload,Disease
Active tuberculosis,Disease
Connective Tissue Diseases,Disease
Human papillomavirus type 13 E7 (gene: E7),Pathogen
Multiple malignancy,Disease
Bone Diseases,Disease
Niemann-Pick disease type C severe early infantile neurologic onset ORPHA:216975,Disease
Bronchiolitis Obliterans,Disease
Myocarditis,Disease
Ischemia,Disease
Lymphangioleiomyomatosis,Disease
Ischemia of kidney,Disease
Diarrhea,Disease
Intrauterine infection,Disease
Anoxemia,Disease
Adult Synovial Sarcoma,Disease
Postherpetic neuralgia,Disease
Malignant neoplasm of stomach,Disease
Vascular Neoplasms,Disease
Neutrophilia (disorder),Disease
Psoriasis,Disease
Monocytosis,Disease
Polyp of large intestine,Disease
Hyperalgesia,Disease
Primary peritoneal carcinoma,Disease
Human papillomavirus type 34 early protein (gene: E7),Pathogen
Alveolitis,Disease
Ventricular Fibrillation,Disease
Oral Submucous Fibrosis,Disease
Infections specific to perinatal period,Disease
Congenital bilateral aplasia of vas deferens,Disease
Human papillomavirus 105 E7 protein (gene: E7),Pathogen
Aseptic Meningitis,Disease
Juvenile arthritis,Disease
Isolated Microphthalmia-Anophthalmia-Coloboma,Disease
Coughing,Disease
Prostate Cancer,Disease
Peritoneal adhesion,Disease
Malignant Mesothelioma,Disease
Pleural Effusion Malignant,Disease
Selenium deficiency,Disease
Obesity,Disease
Basal cell carcinoma,Disease
Lesion of brain,Disease
Ulcer,Disease
Chronic Obstructive Airway Disease,Disease
Necrotizing enterocolitis in fetus OR newborn,Disease
Interstitial lung disease-nephrotic syndrome-epidermolysis bullosa syndrome ORPHA:306504,Disease
Esophagitis,Disease
Absence Epilepsy,Disease
CHARGE Syndrome,Disease
Cocaine-Related Disorders,Disease
Thromboangiitis Obliterans,Disease
Cervix carcinoma,Disease
Idiopathic urticaria,Disease
Liver and Intrahepatic Biliary Tract Carcinoma,Disease
Autism Spectrum Disorders,Disease
Wheezing,Disease
Temporomandibular Joint Disorders,Disease
Gastritis,Disease
Angiogenic Switch,Disease
Branchio-oculo-facial syndrome ORPHA:1297,Disease
Pouchitis,Disease
Hereditary papillary renal cell carcinoma ORPHA:47044,Disease
androgen independent prostate cancer,Disease
Colorectal cancer metastatic,Disease
Hypofibrinogenemia,Disease
Triple Negative Breast Neoplasms,Disease
Leishmaniasis Cutaneous,Disease
Periodontitis Juvenile,Disease
Adamantinous Craniopharyngioma,Disease
Acute pyelonephritis,Disease
Primary Sj??gren's syndrome,Disease
Skin Ulcer,Disease
Subependymal Giant Cell Astrocytoma,Disease
Nose symptoms,Disease
Rectal Neoplasms,Disease
Familial M??ni??re disease,Disease
Bacteriuria,Disease
Staphylococcus aureus infection,Disease
Lymphoma,Disease
Multiple System Atrophy,Disease
VITILIGO-ASSOCIATED MULTIPLE AUTOIMMUNE DISEASE SUSCEPTIBILITY 1 (finding),Disease
Adult-Onset Still Disease,Disease
Leukemia Mast-Cell,Disease
Coprophilia (disorder),Disease
CATARACT ANTERIOR POLAR,Disease
Hyperlipoproteinemia Type IIa,Disease
Spondylarthropathies,Disease
Hyperlipidemia Familial Combined,Disease
Pyelonephritis,Disease
Ulcerative colitis in remission,Disease
Acquired aplastic anemia,Disease
Hypomagnesemia,Disease
Depressed mood,Disease
Osteoporosis,Disease
Chronic interstitial cystitis,Disease
Streptococcal pneumonia,Disease
Human papillomavirus 172 E7,Pathogen
Childhood Synovial Sarcoma,Disease
Nasopharyngeal carcinoma ORPHA:150,Disease
Inflammatory Bowel Diseases,Disease
Leukemia B-Cell,Disease
Human anaplasmosis due to Anaplasma phagocytophilum,Disease
Encephalitis St. Louis,Disease
Hypomagnesemia 2 renal,Disease
Human papillomavirus type 166 E7 (gene: E7),Pathogen
Malignant neoplasm of endometrium,Disease
Scleroderma,Disease
Cercopithecine betaherpesvirus 5 chemokine vCXCL5 (gene: UL146B),Pathogen
Otitis Media with Effusion,Disease
Lesion of stomach,Disease
Metabolic alkalosis,Disease
Chronic cough,Disease
Rhabdomyosarcoma,Disease
Vasculitis of the skin,Disease
Hypokalemic metabolic alkalosis,Disease
Severe Sepsis,Disease
Down Syndrome,Disease
Chiari malformation type II,Disease
Brachydactyly type E ORPHA:93387,Disease
Malignant hyperpyrexia due to anesthesia,Disease
Pleocytosis,Disease
Duodenal Ulcer,Disease
Severe Dengue,Disease
Breast adenocarcinoma,Disease
Variola virus chemokine binding protein (gene: G5R),Pathogen
Infection - suppurative,Disease
Prostate carcinoma,Disease
Arthritis Gouty,Disease
Nicotine Use Disorder,Disease
Carotid artery occlusion,Disease
Cytosolic phospholipase-A2 alpha deficiency associated bleeding disorder ORPHA:477787,Disease
Enteritis,Disease
Enterovirus Infections,Disease
Bronchiolitis Viral,Disease
Malignant neoplasm of lung,Disease
Low grade glioma,Disease
Autoimmune Diseases,Disease
Respiratory Distress Syndrome Adult,Disease
Down Syndrome Partial Trisomy 21,Disease
Cercopithecine betaherpesvirus 5 chemokine vCXCL2 (gene: UL147),Pathogen
Multinodular goiter,Disease
Clostridium difficile infection,Disease
Dermatitis Irritant,Disease
Alcoholic Intoxication,Disease
Mucocutaneous Lymph Node Syndrome,Disease
Hyperplastic Polyp,Disease
Increased circulating renin level,Disease
Fetid chronic bronchitis,Disease
Measles,Disease
Megakaryocytic hyperplasia,Disease
Lymphoproliferative Disorder of the Skin,Disease
Cryptogenic multifocal ulcerous stenosing enteritis ORPHA:468635,Disease
Chronic ulcer,Disease
Severe generalized junctional epidermolysis bullosa ORPHA:79404,Disease
Tuberous Sclerosis,Disease
Thyroid Gland Follicular Adenoma,Disease
Tuberculosis Meningeal,Disease
Localized scleroderma,Disease
Thymic Lymphoma,Disease
Fibromyalgia,Disease
MYELODYSPLASTIC SYNDROME,Disease
Hypocholesterolemia,Disease
Human papillomavirus 19 early protein (gene: E7),Pathogen
Carcinoma Small Cell,Disease
Cercopithecine betaherpesvirus 5 chemokine vCXCL9 (gene: UL146F),Pathogen
Multiple Chronic Conditions,Disease
Cholera,Disease
Human papillomavirus type 108 early protein E7 (gene: E7),Pathogen
Radio-ulnar synostosis-amegakaryocytic thrombocytopenia syndrome ORPHA:71289,Disease
Laryngeal neoplasm,Disease
Lung Neoplasms,Disease
Ovarian Hyperstimulation Syndrome,Disease
Aggressive periodontitis generalized,Disease
Sleep Apnea Central,Disease
Arteriosclerosis,Disease
Helicobacter-associated gastritis,Disease
PSEUDOHYPOALDOSTERONISM TYPE IID,Disease
Pneumocystis jiroveci pneumonia,Disease
Adult T-Cell Lymphoma/Leukemia,Disease
ALDH1A3,Gene
Fibrosis Liver,Disease
Myocardial Infarction,Disease
Virus Diseases,Disease
Reperfusion Injury,Disease
Dengue Fever,Disease
Tetany,Disease
Interstitial lung fibrosis,Disease
Stomach Neoplasms,Disease
Little's Disease,Disease
Periodontal Diseases,Disease
Skin Erosion,Disease
Persistent infection,Disease
Follicular thyroid carcinoma,Disease
Staphylococcal Infections,Disease
Temporomandibular Joint Dysfunction Syndrome,Disease
Soft Tissue Infections,Disease
ARTHROGRYPOSIS MULTIPLEX CONGENITA DISTAL TYPE IIA,Disease
Choanal Atresia,Disease
Diffuse cutaneous leishmaniasis,Disease
Vascular Diseases,Disease
Cerebrovascular accident,Disease
Muscle damage,Disease
Metastatic malignant neoplasm to brain,Disease
Raynaud Phenomenon,Disease
Diabetes Mellitus Non-Insulin-Dependent,Disease
Chronic myeloproliferative disorder,Disease
Leukocytosis,Disease
Rhinitis Allergic Perennial,Disease
Apraxia Developmental Verbal,Disease
Cercopithecine betaherpesvirus 5 chemokine vCXCL10 (gene: UL146G),Pathogen
Lipoatrophy,Disease
Spinal Cord Diseases,Disease
Tuberculosis Pulmonary,Disease
Nicotine Dependence,Disease
Acute GVH disease,Disease
Keratitis,Disease
Bullous keratopathy,Disease
Clostridium,Disease
Vulval Varices,Disease
Arnold-Chiari malformation type I ORPHA:268882,Disease
Congenital laryngeal adductor palsy,Disease
Hypertensive disease,Disease
Malignant Glioma,Disease
Malignant Neoplasms,Disease
Lymphocytosis,Disease
Germinoma,Disease
Intestinal Neoplasms,Disease
Vascular lesions,Disease
Tobacco Use Disorder,Disease
Incontinence,Disease
Hyperalgesia Primary,Disease
Chondrocalcinosis,Disease
Aspergillosis Allergic Bronchopulmonary,Disease
Prostatic Hyperplasia,Disease
Rett Syndrome,Disease
Alcoholic Liver Diseases,Disease
Familial benign pemphigus,Disease
Human papillomavirus type 68a E7 protein,Pathogen
Peripheral T-Cell Lymphoma,Disease
Cholestasis,Disease
TNF receptor-associated periodic fever syndrome (TRAPS),Disease
Human papillomavirus type 124 transforming protein E7 (gene: E7),Pathogen
Molluscum contagiosum virus subtype 1 MC148R (gene: MC148R),Pathogen
Inflammation,Disease
Epithelioma,Disease
AIDS with Kaposi's sarcoma,Disease
Polydipsia,Disease
Chronic sinusitis,Disease
Carcinoma Granular Cell,Disease
difficile (disorder),Disease
Rheumatoid Arthritis,Disease
Peritonitis,Disease
Cachexia,Disease
Glomerulosclerosis,Disease
Pseudomonas aeruginosa infection,Disease
Pelvic Inflammatory Disease,Disease
Vesico-Ureteral Reflux,Disease
Human papillomavirus type 144 transforming protein (gene: E7),Pathogen
Leishmaniasis New World,Disease
Angiomyolipoma of kidney,Disease
Psoriatic Arthritis,Disease
5q-syndrome,Disease
Malignant neoplasm of liver,Disease
Secondary malignant neoplasm of pancreas,Disease
Liver neoplasms,Disease
